Neighborhood,Neighborhood Latitude,Neighborhood Longitude,Venue Id,Venue,Venue Latitude,Venue Longitude,Venue Category Name
Wychwood (94),43.6769192679,-79.425514947,4ce588455fce5481cd1e5caa,Cho Cho Cho,43.680139022918006,-79.43289460634793,Chinese Restaurant
Wychwood (94),43.6769192679,-79.425514947,4b50ff62f964a520b43c27e3,Dragon Delight,43.68076539930795,-79.43107936159058,Chinese Restaurant
Yonge-Eglinton (100),43.704689367700006,-79.4035901675,4c191701834e2d7f24db2980,Chinese Food Gallery,43.70334736873612,-79.41464635957847,Chinese Restaurant
Yonge-St.Clair (97),43.687858872,-79.3978707687,52c88ab711d22e372f645af6,Kwan Restaurant,43.688737166789785,-79.39435863931413,Cantonese Restaurant
Yonge-St.Clair (97),43.687858872,-79.3978707687,4b69b043f964a520afad2be3,Best Z,43.688604,-79.393597,Chinese Restaurant
York University Heights (27),43.765736490900004,-79.4888829298,530f862811d2c7e1d915330c,Tin Tin Congee - 天天粥麵,43.77390669185088,-79.49259185905532,Chinese Restaurant
York University Heights (27),43.765736490900004,-79.4888829298,4c2bdd9ad1a10f471aabf864,Mandarin Buffet,43.767300457143605,-79.46959723111308,Chinese Restaurant
York University Heights (27),43.765736490900004,-79.4888829298,4bb0db61f964a520b7633ce3,Noodles on Finch,43.767906576207636,-79.47197523452058,Chinese Restaurant
York University Heights (27),43.765736490900004,-79.4888829298,4d7e6e1d564b8cfac3caf164,East Moon,43.78271791872826,-79.49079601723254,Chinese Restaurant
York University Heights (27),43.765736490900004,-79.4888829298,4e06233c62e100e581678192,Tri Star Restaurant,43.76933638194449,-79.52024995897516,Chinese Restaurant
Yorkdale-Glen Park (31),43.714671529300006,-79.4571080738,4e11fd03b61c637b97b2386e,Hakka No. 1,43.70779096413223,-79.47735333337515,Chinese Restaurant
Yorkdale-Glen Park (31),43.714671529300006,-79.4571080738,4c2631d5f1272d7fed1086c5,Manchu Wok,43.725421,-79.452106,Chinese Restaurant
Lansing-Westgate (38),43.754271154899996,-79.4247477215,4bec2d59415e20a14830e7bb,Lee Town Restaurant,43.76419503107473,-79.4116255620473,Chinese Restaurant
Lansing-Westgate (38),43.754271154899996,-79.4247477215,4d6ee5fa38a588bfbed306e1,China Court,43.75578017077131,-79.43743743256304,Chinese Restaurant
Lansing-Westgate (38),43.754271154899996,-79.4247477215,514ddd02e4b022f34167e511,Manchu Wok,43.768464,-79.414017,Chinese Restaurant
Lawrence Park South (103),43.71721170479999,-79.40603941020001,4aec79e5f964a5209fc721e3,C'est Bon,43.71678474928588,-79.40040634837081,Chinese Restaurant
Little Portugal (84),43.6475359304,-79.4303227131,4aea348cf964a5202eba21e3,Saigon Flower,43.64311422896345,-79.42421470624055,Chinese Restaurant
Long Branch (19),43.592361688500006,-79.5333454492,4c79ba4381bca0930994fe14,Mai-Mai Restaurant & Tavern,43.59707452795699,-79.52315969505716,Chinese Restaurant
Malvern (132),43.8036581967,-79.22251661899999,4bf025afc8d920a1bd799430,Fairview Seafood Chinese Cuisine,43.7929068448252,-79.23934784822218,Chinese Restaurant
Malvern (132),43.8036581967,-79.22251661899999,4db8a2096e818f67a9add9ab,Lucky Lin's Restaurant,43.813612899653876,-79.23794309546079,Chinese Restaurant
Malvern (132),43.8036581967,-79.22251661899999,4c706524df6b8cfab244b84d,Charley's Exotic Cuisine,43.80098159718747,-79.20023292303085,Chinese Restaurant
Maple Leaf (29),43.7155739408,-79.48075801739999,4e11fd03b61c637b97b2386e,Hakka No. 1,43.70779096413223,-79.47735333337515,Chinese Restaurant
Maple Leaf (29),43.7155739408,-79.48075801739999,4c7ef047171b224b9d800fb1,Lucky Dragon Chinese Food,43.71946280250894,-79.48075509183974,Chinese Restaurant
Milliken (130),43.8206907942,-79.2750089244,4b5cd349f964a520ea4529e3,Alton Restaurant 益街坊,43.82558151136016,-79.27603832875346,Chinese Restaurant
Milliken (130),43.8206907942,-79.2750089244,4c55fad889f9c9b60ff9c195,China Cottage,43.835214767771056,-79.25460316824893,Hakka Restaurant
Milliken (130),43.8206907942,-79.2750089244,4bc228d0b492d13ace13a760,Sugar Sweet Cafe 八爪魚,43.82697141731077,-79.29118299916571,Chinese Restaurant
Milliken (130),43.8206907942,-79.2750089244,585db72d2ec364572e5c9d4c,Pine House Cafe 松屋,43.831702396707044,-79.26581068821929,Cantonese Restaurant
Milliken (130),43.8206907942,-79.2750089244,51c9c14a498e805f36dbf50f,Magic Noodle 大槐樹,43.81450033557617,-79.29434391454215,Chinese Restaurant
Milliken (130),43.8206907942,-79.2750089244,4dacc7855da32d679da9ee55,Congee Town 太皇名粥,43.80903482487377,-79.26763433869755,Chinese Restaurant
Milliken (130),43.8206907942,-79.2750089244,4c47be2ad012ef3b92821ba0,Chang An Northwestern Chinese Cuisine 西北樓,43.82590896961561,-79.27714350886966,Chinese Restaurant
Milliken (130),43.8206907942,-79.2750089244,4d728acd27ddb60cb58fcf1b,Restaurant 59,43.80387422834321,-79.28805852527513,Chinese Restaurant
Milliken (130),43.8206907942,-79.2750089244,4bf80e7e5efe2d7f36016a34,Tak Fu Seafood Restaurant 德福點心皇,43.822633229713155,-79.29895769982762,Chinese Restaurant
Milliken (130),43.8206907942,-79.2750089244,4c336f3d7cc0c9b61ccaf19a,Fortune Restaurant,43.81372159969622,-79.29189210902283,Chinese Restaurant
Milliken (130),43.8206907942,-79.2750089244,4ba624daf964a520b43639e3,Best Choice Restaurant 名城小炒,43.82543687445628,-79.27521136878791,Chinese Restaurant
Milliken (130),43.8206907942,-79.2750089244,4d3c420e557d6dcb1a093944,Tasty House  鉅記,43.825928922000486,-79.27709482731093,Cantonese Restaurant
Milliken (130),43.8206907942,-79.2750089244,5a3962c291eaca55b4853cca,Ginger & Onion Cuisine,43.826073,-79.277534,Dim Sum Restaurant
Milliken (130),43.8206907942,-79.2750089244,4b5cd684f964a5208e4629e3,Dong Kee Chinese Restaurant,43.819558486659325,-79.29453550116104,Chinese Restaurant
Milliken (130),43.8206907942,-79.2750089244,4e90cf9ab8f79f71dea8889d,Lychee Bay Cuisine 荔枝灣,43.825232139581765,-79.29870929713242,Chinese Restaurant
Milliken (130),43.8206907942,-79.2750089244,5be718ce123a19002c77054c,Lucky Pot 飯飯掂,43.82778,-79.287964,Chinese Restaurant
Milliken (130),43.8206907942,-79.2750089244,51d75146498e9d28e09382cf,Lobster House 為食坊,43.82774907797815,-79.28814658881018,Chinese Restaurant
Milliken (130),43.8206907942,-79.2750089244,4cc391b93d7fa1cd20b7a65f,Wan Lee Xin Restaurant,43.832094390305514,-79.26676673313162,Chinese Restaurant
Milliken (130),43.8206907942,-79.2750089244,4d4daeac9ee1370408f4868b,Kin Kin Bubble Tea Co,43.807851553703514,-79.27029551638599,Chinese Restaurant
Milliken (130),43.8206907942,-79.2750089244,4c12709c7f7f2d7fc64add68,Fok Yuan Seafood Restaurant,43.81414800090627,-79.29154270483858,Chinese Restaurant
Milliken (130),43.8206907942,-79.2750089244,539dc3dd498e6ead0c742045,Casa Deluz 豪門宴,43.80895542975194,-79.26811265646485,Dim Sum Restaurant
Milliken (130),43.8206907942,-79.2750089244,4e874f6d4901f7cfcfc941b6,La Mere Restaurant 老媽肉餅,43.80527654724577,-79.28857589735566,Chinese Restaurant
Milliken (130),43.8206907942,-79.2750089244,525c223011d2900fc1cf2c21,Tang Home Style Lamb & Beef 老汤家,43.80899869803463,-79.29010047715501,Chinese Restaurant
Milliken (130),43.8206907942,-79.2750089244,4dbf450b43a147cd6ebd843a,New Canton Kitchen 廣東小炒,43.82182011805523,-79.29868273765992,Chinese Restaurant
Milliken (130),43.8206907942,-79.2750089244,4b1af4faf964a5206cf523e3,Hot Party Restaurant,43.806962,-79.289277,Chinese Restaurant
Milliken (130),43.8206907942,-79.2750089244,4de19d272271bfb84488d407,Honey Tea H.K. 甜蜜蜜港式西餐,43.82195687380101,-79.29884569082569,Cantonese Restaurant
Milliken (130),43.8206907942,-79.2750089244,57243b9d498ee93a26c844b5,Chat Bar 九号小院,43.82216204895564,-79.29886602709634,Dongbei Restaurant
Milliken (130),43.8206907942,-79.2750089244,4d61d0c7922960fca7f67e8b,Shaanxi Legend 漢唐府,43.805154458271126,-79.28893365297094,Chinese Restaurant
Milliken (130),43.8206907942,-79.2750089244,53545e6f498eb7e88dcc18a0,Verdant Garden Chinese Restaurant 翠苑,43.82283436642583,-79.30083237476724,Cantonese Restaurant
Milliken (130),43.8206907942,-79.2750089244,4ec98d6be5fa232a77a3188f,Kung Fu Duck,43.803830853338646,-79.28911663823034,Chinese Restaurant
Milliken (130),43.8206907942,-79.2750089244,4bc0bf3ab492d13a5ecaa460,Tsui Wah Restaurant 翠華餐廳,43.81769017069906,-79.30415767613013,Chinese Restaurant
Mimico (includes Humber Bay Shores) (17),43.615923861300004,-79.5001366364,4e126755b61c637b97b67af4,Ancom Chinese Restaurant,43.62448125348336,-79.50944783103301,Chinese Restaurant
Mimico (includes Humber Bay Shores) (17),43.615923861300004,-79.5001366364,4b79ee07f964a520e51a2fe3,Wok Terminal,43.6306308581885,-79.484513039617,Chinese Restaurant
Moss Park (73),43.6565176231,-79.3672970317,553c2ae7498e53f7c3086919,Kanpai Snack Bar,43.664330935948634,-79.36806503124257,Taiwanese Restaurant
Moss Park (73),43.6565176231,-79.3672970317,4bace084f964a520ca143be3,Oriental Taste,43.655304,-79.365312,Chinese Restaurant
Moss Park (73),43.6565176231,-79.3672970317,4bca992068f976b017d35f83,China Gourmet,43.6641802410051,-79.36835925727236,Chinese Restaurant
Mount Pleasant West (104),43.70443517060001,-79.393359554,4d74693f6820ba7a77ff3dfe,South China Restaurant,43.701899125684406,-79.38764921558948,Chinese Restaurant
New Toronto (18),43.6005885981,-79.5103580889,4c79ba4381bca0930994fe14,Mai-Mai Restaurant & Tavern,43.59707452795699,-79.52315969505716,Chinese Restaurant
Newtonbrook East (50),43.791535791,-79.4059374472,53ece74a498edc23fc8556f9,Congee Queen 皇后名粥,43.79551056066663,-79.42154967634553,Cantonese Restaurant
Newtonbrook West (36),43.7858299384,-79.4314215112,53ece74a498edc23fc8556f9,Congee Queen 皇后名粥,43.79551056066663,-79.42154967634553,Cantonese Restaurant
Newtonbrook West (36),43.7858299384,-79.4314215112,4b637f5cf964a5207f7e2ae3,Szechuan Gourmet Restaurant,43.79161962015012,-79.44805244066345,Chinese Restaurant
Newtonbrook West (36),43.7858299384,-79.4314215112,4af9f365f964a5207d1522e3,Golden Chopsticks,43.793216084398466,-79.44663030569488,Chinese Restaurant
Newtonbrook West (36),43.7858299384,-79.4314215112,57586fad498efbef8ba7dbfa,BonFlavour,43.798286,-79.425111,Dim Sum Restaurant
Newtonbrook West (36),43.7858299384,-79.4314215112,4be72fe8910020a1b025d514,Asian King,43.79256412860348,-79.44797646523301,Chinese Restaurant
North Riverdale (68),43.671995149,-79.3512604136,5137cd7de4b011df3fcf0ca0,Dumpling House 餃子園,43.66572519110226,-79.35117791892397,Chinese Restaurant
North Riverdale (68),43.671995149,-79.3512604136,4bb7dee07421a5933632c140,Phoenix Bakery,43.66568719069107,-79.35139459318192,Chinese Restaurant
North Riverdale (68),43.671995149,-79.3512604136,4cc45369be40a35d26c87d4c,New Pepper Chili Szechuan Restaurant,43.66541287557503,-79.35247679960533,Chinese Restaurant
North Riverdale (68),43.671995149,-79.3512604136,4bb67a0cef159c740f0676f7,Eikona Restaurant,43.665359,-79.352607,Chinese Restaurant
North Riverdale (68),43.671995149,-79.3512604136,58ab6f3eea29b818ab66cb3e,Wok & Roast Chinese BBQ,43.665067,-79.352298,Chinese Restaurant
North Riverdale (68),43.671995149,-79.3512604136,4c52031694790f478bb8f7a1,Asian Gourmet,43.669683812322305,-79.3390279113223,Chinese Restaurant
Oakridge (121),43.6974081338,-79.2797083433,4be1dff94283c9b621c754f8,Chopstick Foods,43.693367057146,-79.27997834306485,Chinese Restaurant
Oakwood Village (107),43.6885655593,-79.4397854793,4ce588455fce5481cd1e5caa,Cho Cho Cho,43.680139022918006,-79.43289460634793,Chinese Restaurant
Oakwood Village (107),43.6885655593,-79.4397854793,4b50ff62f964a520b43c27e3,Dragon Delight,43.68076539930795,-79.43107936159058,Chinese Restaurant
Old East York (58),43.696781271199995,-79.3354883594,4c314511213c2d7f0cc9335d,Chopsticks King,43.69361477837792,-79.34890162048012,Chinese Restaurant
Palmerston-Little Italy (80),43.6591571037,-79.41840872739999,53bd9f52498e6187cb7c185a,Chinese Dumpling House 中华饺子楼,43.66451790083401,-79.41412828715735,Chinese Restaurant
Parkwoods-Donalda (45),43.755033474499996,-79.3301795171,5b6a321d340a58002cc0d9db,Omni Palace Noodle House,43.771047,-79.33157,Chinese Restaurant
Parkwoods-Donalda (45),43.755033474499996,-79.3301795171,4b647693f964a52038b52ae3,China Cottage,43.759097495523434,-79.3104188485618,Hakka Restaurant
Parkwoods-Donalda (45),43.755033474499996,-79.3301795171,4c9f77980e9bb1f7659bf05f,The Bean Sprout,43.742228835254664,-79.31357696452841,Chinese Restaurant
Parkwoods-Donalda (45),43.755033474499996,-79.3301795171,4ae71b0cf964a52078a821e3,Noodle Delight,43.77239870424429,-79.3202087535388,Chinese Restaurant
Parkwoods-Donalda (45),43.755033474499996,-79.3301795171,4bfc6313d6f2c9b6e9264fc8,China Gourmet,43.755188855826226,-79.34838203221797,Chinese Restaurant
Parkwoods-Donalda (45),43.755033474499996,-79.3301795171,4c0150f4716bc9b65b9dbb55,Spicy Chicken House,43.76063939666398,-79.32567060771729,Chinese Restaurant
Parkwoods-Donalda (45),43.755033474499996,-79.3301795171,4baa4089f964a520cf573ae3,Chopstix Chinese Cuisine,43.755528,-79.352127,Chinese Restaurant
Pleasant View (46),43.786981759,-79.33494842520001,584e235102b60e2d40263821,天天渔港 Captain's Catch,43.774961,-79.333873,Chinese Restaurant
Pleasant View (46),43.786981759,-79.33494842520001,4e3c8263d4c058f9dbf9169b,China china,43.792331,-79.32679365999999,Chinese Restaurant
Pleasant View (46),43.786981759,-79.33494842520001,4d8a204c7139b1f772dac3d4,Manchu Wok,43.77822514623288,-79.34330206344342,Chinese Restaurant
Pleasant View (46),43.786981759,-79.33494842520001,5a3e976abb8d36354ebea1f3,Szechuan Express,43.777966,-79.343316,Chinese Restaurant
Roncesvalles (86),43.646122994399995,-79.4429924472,4b4fa8d4f964a5209b0f27e3,Rice & Noodle,43.64028335648371,-79.43835074476583,Chinese Restaurant
Rosedale-Moore Park (98),43.682820425299994,-79.3796694025,4d0d035a903d37042c51c155,Dynasty Chinese Cuisine,43.67114125499929,-79.39082722487748,Dim Sum Restaurant
Rosedale-Moore Park (98),43.682820425299994,-79.3796694025,52c88ab711d22e372f645af6,Kwan Restaurant,43.688737166789785,-79.39435863931413,Cantonese Restaurant
Rouge (131),43.8212012569,-79.1863434458,4c706524df6b8cfab244b84d,Charley's Exotic Cuisine,43.80098159718747,-79.20023292303085,Chinese Restaurant
Rouge (131),43.8212012569,-79.1863434458,4db8a2096e818f67a9add9ab,Lucky Lin's Restaurant,43.813612899653876,-79.23794309546079,Chinese Restaurant
Rustic (28),43.7116091166,-79.4980914696,4b7f28a0f964a5202d1b30e3,Dynasty House,43.705058299367984,-79.49244632573384,Dim Sum Restaurant
Scarborough Village (139),43.7386518596,-79.216812619,4b0dcda4f964a520635023e3,Lucky Lin's,43.74447054550769,-79.21967422970273,Chinese Restaurant
Scarborough Village (139),43.7386518596,-79.216812619,4cf92de87b44224b9263d305,Phoenix Pan Asian Cuisine,43.74613,-79.209647,Chinese Restaurant
South Parkdale (85),43.6366995242,-79.43933783119998,4b4fa8d4f964a5209b0f27e3,Rice & Noodle,43.64028335648371,-79.43835074476583,Chinese Restaurant
South Riverdale (70),43.649292063500006,-79.335651321,55f07a51498ef8afddf53c9c,Mean Bao,43.659232,-79.348011,Chinese Restaurant
St.Andrew-Windfields (40),43.7562458348,-79.37903708649999,57069dd6498ea2b2dc6a3e6a,Kwan Dim Sum,43.75425617395789,-79.35857045329246,Dim Sum Restaurant
St.Andrew-Windfields (40),43.7562458348,-79.37903708649999,4b3e8e54f964a520e19e25e3,Peking Man 牛家莊,43.770886228080634,-79.36945927876354,Chinese Restaurant
St.Andrew-Windfields (40),43.7562458348,-79.37903708649999,4e8367a2f5b907135ece792f,Pearl,43.76840377388609,-79.38625631344964,Chinese Restaurant
Steeles (116),43.812958825900004,-79.3212070061,4c1b6f35b4e62d7f3951d993,D&R Wings 美華茶餐廳,43.814697995513114,-79.32394552167905,Chinese Restaurant
Steeles (116),43.812958825900004,-79.3212070061,4babe7aaf964a520efd33ae3,Asian Legend 味香村,43.818845594092124,-79.33105806477963,Chinese Restaurant
Steeles (116),43.812958825900004,-79.3212070061,58c1e6e801f4336e21f31b50,Yin Ji Chang Fen 銀記腸粉店,43.8202766999062,-79.32514209381554,Chinese Restaurant
Steeles (116),43.812958825900004,-79.3212070061,5244359611d25bbcd550a19a,Crown Jewel Fine Dining 御膳豪庭,43.813114,-79.322914,Chinese Restaurant
Steeles (116),43.812958825900004,-79.3212070061,54f2600d498e6f1f6dc1f8b7,九鼎香 Legendary Hot Pot,43.820786876992095,-79.32643905422294,Szechuan Restaurant
Steeles (116),43.812958825900004,-79.3212070061,4df28ea0e4cda09e6da0129a,Mr Congee Chinese Cuisine 龍粥記,43.798878792587615,-79.3183345011537,Chinese Restaurant
Steeles (116),43.812958825900004,-79.3212070061,5542be72498e851f264ce89a,Phoenix Restaurant 金鳳餐廳,43.79819775434163,-79.31843152382791,Chinese Restaurant
Steeles (116),43.812958825900004,-79.3212070061,4aedb738f964a5204fce21e3,Casa-Imperial Fine Chinese Cuisine 名門金宴,43.819766180641196,-79.3225857967041,Dim Sum Restaurant
Steeles (116),43.812958825900004,-79.3212070061,4b2fe16ff964a520e0f124e3,Xin Jiang Restaurant 西域食府,43.81916660462135,-79.3310642534633,Xinjiang Restaurant
Steeles (116),43.812958825900004,-79.3212070061,4b809522f964a520a87e30e3,Backyard Garden 半畝園,43.81960959599235,-79.3306474018441,Chinese Restaurant
Steeles (116),43.812958825900004,-79.3212070061,4b732f71f964a52094a02de3,Fortune Stone Restaurant 滾石餐廳,43.81994672231424,-79.32538162920089,Chinese Restaurant
Steeles (116),43.812958825900004,-79.3212070061,5250940d11d2f5e552098bc8,Fishman Wharf Seafood Restaurant 漁人碼頭,43.82239944620864,-79.3133957901482,Chinese Restaurant
Steeles (116),43.812958825900004,-79.3212070061,56f2c098498e7e4f35106777,Vintage Garden Dining Room,43.80589,-79.33601,Cantonese Restaurant
Steeles (116),43.812958825900004,-79.3212070061,4bb6c8f72f70c9b66e048630,Xin Jiang Barbeque Restaurant,43.80454741141563,-79.33099136451892,Chinese Restaurant
Steeles (116),43.812958825900004,-79.3212070061,50e4fa2ae4b0332f5e50ea60,W.B Chinese Cooking 味佰•时尚烤鱼,43.811569954062335,-79.30293661719483,Chinese Restaurant
Steeles (116),43.812958825900004,-79.3212070061,4ba56f0bf964a520ab0639e3,Metro Square Cafe Restaurant 大都會茶餐廳,43.818462997248844,-79.33098949616692,Chinese Restaurant
Steeles (116),43.812958825900004,-79.3212070061,4b2e5594f964a52069de24e3,Crown Prince Fine Dining 紫京盛宴,43.80654509036195,-79.33837249873136,Dim Sum Restaurant
Steeles (116),43.812958825900004,-79.3212070061,4cf53d2b99c6236ab7054a67,New Fountain Fast Food 新泉,43.81902577351705,-79.33089341139527,Cantonese Restaurant
Steeles (116),43.812958825900004,-79.3212070061,4c799a38a86837049145114d,Hunan Garden Restaurant,43.81935720670718,-79.33072658362339,Chinese Restaurant
Steeles (116),43.812958825900004,-79.3212070061,506cd90fe4b0b7355063f5e8,Dayali Beijing Roast Duck 大鴨梨,43.8242382250518,-79.32654791256768,Chinese Restaurant
Steeles (116),43.812958825900004,-79.3212070061,505e5576e4b0fd143c8ea745,Elegance Chinese Cuisine & Banquet 雅景豪苑,43.82435675644244,-79.32626706239999,Chinese Restaurant
Steeles (116),43.812958825900004,-79.3212070061,4bc0bf3ab492d13a5ecaa460,Tsui Wah Restaurant 翠華餐廳,43.81769017069906,-79.30415767613013,Chinese Restaurant
Steeles (116),43.812958825900004,-79.3212070061,4ef0cc69991107885c190eb3,Landmark Seafood Cuisine 富臨門海鮮酒家,43.804026123691806,-79.33585654955806,Chinese Restaurant
Tam O'Shanter-Sullivan (118),43.7801298547,-79.3029187122,4cdc8e53d4ecb1f7843c8048,The Royal Chinese Restaurant 避風塘小炒,43.78050473445372,-79.29884391314476,Chinese Restaurant
Tam O'Shanter-Sullivan (118),43.7801298547,-79.3029187122,4afc5018f964a520722122e3,Lin Garden,43.775842422010605,-79.31766046261744,Hakka Restaurant
Tam O'Shanter-Sullivan (118),43.7801298547,-79.3029187122,501e92f5e4b075c1f0a4345d,Congee Queen 皇后名粥,43.78391001318973,-79.292318876117,Cantonese Restaurant
Tam O'Shanter-Sullivan (118),43.7801298547,-79.3029187122,4ae71b0cf964a52078a821e3,Noodle Delight,43.77239870424429,-79.3202087535388,Chinese Restaurant
Tam O'Shanter-Sullivan (118),43.7801298547,-79.3029187122,4d1630ec81cea35d3427dfec,Wei's Taiwenese Food,43.78996974670163,-79.30242004048762,Taiwanese Restaurant
Tam O'Shanter-Sullivan (118),43.7801298547,-79.3029187122,520ec1de11d2a2a7765f7b68,Crystal Buffet,43.769460088934444,-79.30120108985096,Chinese Restaurant
Tam O'Shanter-Sullivan (118),43.7801298547,-79.3029187122,4ef13a719a52b8254df78855,Jade River Buffet,43.769426018225786,-79.30128914099885,Chinese Restaurant
Tam O'Shanter-Sullivan (118),43.7801298547,-79.3029187122,4b9707adf964a52046f434e3,Wok Wok Restaurant 恒記粥麵小廚,43.78413900387448,-79.28828716278076,Chinese Restaurant
Tam O'Shanter-Sullivan (118),43.7801298547,-79.3029187122,56673b22498e2d33ad4b7325,Dumpling & Szechuan Cuisine（川流不息店）,43.79156742171714,-79.31290015833144,Chinese Restaurant
Tam O'Shanter-Sullivan (118),43.7801298547,-79.3029187122,4b79de5ff964a52036172fe3,Very Fair Chinese Restaurant 同德樓,43.78367044432938,-79.28767856291728,Chinese Restaurant
Taylor-Massey (61),43.6949981893,-79.2959011188,4e10e636d1647a0fff7c632c,Hakka Chopsticks,43.69019173121796,-79.29294592600094,Chinese Restaurant
Taylor-Massey (61),43.6949981893,-79.2959011188,50edcd30e4b0372659fcb29a,Golden Wok Restaurant,43.70060129544217,-79.29734326742343,Chinese Restaurant
Taylor-Massey (61),43.6949981893,-79.2959011188,4d39da7d979ea143c9108afc,Wing Wings chinese food restaurant,43.69089695776476,-79.29008946944775,Chinese Restaurant
Taylor-Massey (61),43.6949981893,-79.2959011188,4c368bf12c8020a1a19d8700,Su Good Chinese,43.68852570708679,-79.29959964510982,Chinese Restaurant
The Beaches (63),43.671049993100006,-79.2996013043,4ae38f3ff964a520ab9621e3,Honey Bee Restaurant,43.670409,-79.298406,Chinese Restaurant
Thorncliffe Park (55),43.707749211899994,-79.3499836075,58c335e376b8b271033a17f5,Tao Northern Chinese Cuisine,43.712281,-79.364335,Peking Duck Restaurant
University (79),43.6625062026,-79.401179748,4b340703f964a5200d2425e3,River Tai Restaurant,43.66290213,-79.403167,Chinese Restaurant
University (79),43.6625062026,-79.401179748,4b7a2089f964a520e2232fe3,Xam Yu,43.655108332302866,-79.39888232423317,Chinese Restaurant
Victoria Village (43),43.728489019399994,-79.31487382649999,4c9f77980e9bb1f7659bf05f,The Bean Sprout,43.742228835254664,-79.31357696452841,Chinese Restaurant
Victoria Village (43),43.728489019399994,-79.31487382649999,4e456c11c65bd6ffbe83a106,Bamboo Garden,43.73596810935831,-79.30623638143747,Chinese Restaurant
Victoria Village (43),43.728489019399994,-79.31487382649999,5140b2abe4b0f76b9be90a34,Manchu Wok,43.722842,-79.300604,Chinese Restaurant
Waterfront Communities-The Island (77),43.6338803623,-79.3772023146,4ae33054f964a520759121e3,Pearl Harbourfront,43.63815654013541,-79.38068763743328,Chinese Restaurant
West Hill (136),43.7674902567,-79.1766760264,4c85aa5bee6fef3b1d1d3e5c,Peking Garden Restaurant,43.771945914107526,-79.18597585406036,Chinese Restaurant
West Humber-Clairville (1),43.7161804033,-79.59635645350001,4b5f8a3df964a52062c029e3,Mandarin Buffet,43.7203596,-79.5943875,Chinese Restaurant
West Humber-Clairville (1),43.7161804033,-79.59635645350001,4fdb75c0e4b0d1917d92b018,Wok of Asia,43.73415221096142,-79.60577591204354,Chinese Restaurant
West Humber-Clairville (1),43.7161804033,-79.59635645350001,4b3ce6d9f964a5203e8925e3,China Garden,43.70513623886455,-79.64306795562567,Chinese Restaurant
West Humber-Clairville (1),43.7161804033,-79.59635645350001,4b97d2fcf964a5200d1835e3,Gourmet Express,43.69311138097989,-79.55729392261416,Chinese Restaurant
West Humber-Clairville (1),43.7161804033,-79.59635645350001,4cb2084dcbab236a1a8dad73,Chopstick Cuisine 光荣酒家,43.70289685469594,-79.6443823824815,Chinese Restaurant
Westminster-Branson (35),43.7788132165,-79.4524182256,4b637f5cf964a5207f7e2ae3,Szechuan Gourmet Restaurant,43.79161962015012,-79.44805244066345,Chinese Restaurant
Weston-Pellam Park (91),43.67396203770001,-79.4602439114,53e39908498e03e4b6b95689,Panda Express,43.67395931671252,-79.47061703174435,Chinese Restaurant
Wexford/Maryvale (119),43.7485721411,-79.2986365699,5269be82498e1cf7de5d5dd4,Super Hakka Restaurant,43.74289206733354,-79.30494945617208,Chinese Restaurant
Wexford/Maryvale (119),43.7485721411,-79.2986365699,4c9f77980e9bb1f7659bf05f,The Bean Sprout,43.742228835254664,-79.31357696452841,Chinese Restaurant
Wexford/Maryvale (119),43.7485721411,-79.2986365699,4b6475aef964a520eab42ae3,Kim Kim restaurant,43.75383283792732,-79.27661122245037,Chinese Restaurant
Wexford/Maryvale (119),43.7485721411,-79.2986365699,4b647693f964a52038b52ae3,China Cottage,43.759097495523434,-79.3104188485618,Hakka Restaurant
Wexford/Maryvale (119),43.7485721411,-79.2986365699,4bd879f0f645c9b6e107a8e0,Golden House Chinese Restaurant,43.760553,-79.30194999488842,Chinese Restaurant
Wexford/Maryvale (119),43.7485721411,-79.2986365699,4ef13a719a52b8254df78855,Jade River Buffet,43.769426018225786,-79.30128914099885,Chinese Restaurant
Wexford/Maryvale (119),43.7485721411,-79.2986365699,520ec1de11d2a2a7765f7b68,Crystal Buffet,43.769460088934444,-79.30120108985096,Chinese Restaurant
Willowdale East (51),43.7706022616,-79.40148378960002,4bec2d59415e20a14830e7bb,Lee Town Restaurant,43.76419503107473,-79.4116255620473,Chinese Restaurant
Willowdale East (51),43.7706022616,-79.40148378960002,5532ead9498e3cd7914f75ee,Artisan Noodle 老碗,43.77626534484827,-79.41462986904645,Chinese Restaurant
Willowdale East (51),43.7706022616,-79.40148378960002,4e8367a2f5b907135ece792f,Pearl,43.76840377388609,-79.38625631344964,Chinese Restaurant
Willowdale West (37),43.771210491800005,-79.4275578,5532ead9498e3cd7914f75ee,Artisan Noodle 老碗,43.77626534484827,-79.41462986904645,Chinese Restaurant
Willowdale West (37),43.771210491800005,-79.4275578,587ccd1fc7ec6b7a1e3e3d8b,Delicious Hey Noodles 舌尖上的嘿小面,43.772705,-79.41397,Chinese Restaurant
Willowdale West (37),43.771210491800005,-79.4275578,514ddd02e4b022f34167e511,Manchu Wok,43.768464,-79.414017,Chinese Restaurant
Willowridge-Martingrove-Richview (7),43.683644963,-79.5542210494,4b97d2fcf964a5200d1835e3,Gourmet Express,43.69311138097989,-79.55729392261416,Chinese Restaurant
Woburn (137),43.766740239300006,-79.2285857671,50a572b1e4b0bf59ea8b91f1,Charcoal Kebab House,43.75734816869592,-79.23884167698144,Xinjiang Restaurant
Woburn (137),43.766740239300006,-79.2285857671,4b1711a6f964a520cbc123e3,Federick Restaurant,43.77469659057996,-79.24114242818267,Hakka Restaurant
Woburn (137),43.766740239300006,-79.2285857671,54a6ea76498ebc906c8c3652,Hakka Legend,43.77630936532644,-79.23493865172834,Chinese Restaurant
Woburn (137),43.766740239300006,-79.2285857671,4b64765ff964a52028b52ae3,Lucky Hakka,43.76246964027991,-79.21416375162714,Chinese Restaurant
Woburn (137),43.766740239300006,-79.2285857671,4c674ced7abde21e94536668,Ding Ho Chinese Food,43.75350728078251,-79.25354224810086,Chinese Restaurant
Woburn (137),43.766740239300006,-79.2285857671,4e1a034518a8166f739bee47,Manchu Wok,43.777159,-79.258637,Chinese Restaurant
Woburn (137),43.766740239300006,-79.2285857671,4b5f6327f964a52075b729e3,Scarborough Buffet,43.7783323119557,-79.23194027218204,Chinese Restaurant
Agincourt North (129),43.8054405769,-79.266712166,540474fb498e979708c1eabb,Yummy Cantonese Restaurant 老西関腸粉,43.787567846730724,-79.26958536632105,Cantonese Restaurant
Agincourt North (129),43.8054405769,-79.266712166,58388814809a776da0e00646,Grandeur Palace 華丽宮 (Grandeur Palace 華麗宮),43.79788486462263,-79.27058461606062,Chinese Restaurant
Agincourt North (129),43.8054405769,-79.266712166,4dacc7855da32d679da9ee55,Congee Town 太皇名粥,43.80903482487377,-79.26763433869755,Chinese Restaurant
Agincourt North (129),43.8054405769,-79.266712166,4aedbb5df964a52069ce21e3,Asian Legend 味香村,43.78806782493317,-79.26676821861626,Chinese Restaurant
Agincourt North (129),43.8054405769,-79.266712166,5377a256498ea252667e0f7b,Congee Me 小米粥鋪,43.787391662597656,-79.26838684082031,Chinese Restaurant
Agincourt North (129),43.8054405769,-79.266712166,4d728acd27ddb60cb58fcf1b,Restaurant 59,43.80387422834321,-79.28805852527513,Chinese Restaurant
Agincourt North (129),43.8054405769,-79.266712166,4b29e021f964a520d4a324e3,Perfect Chinese Restaurant 雅瓊海鮮酒家,43.78777423062292,-79.27029393705004,Chinese Restaurant
Agincourt North (129),43.8054405769,-79.266712166,4d168f2d25cda1439db770d6,Dumpling House 餃子莊,43.787208821092754,-79.26990941663193,Chinese Restaurant
Agincourt North (129),43.8054405769,-79.266712166,4c8ad1c61eafb1f7320e7e35,Shanghai Dim Sum,43.78703615843197,-79.26938030256589,Chinese Restaurant
Agincourt South-Malvern West (128),43.788657551099995,-79.2656117966,540474fb498e979708c1eabb,Yummy Cantonese Restaurant 老西関腸粉,43.787567846730724,-79.26958536632105,Cantonese Restaurant
Agincourt South-Malvern West (128),43.788657551099995,-79.2656117966,4aedbb5df964a52069ce21e3,Asian Legend 味香村,43.78806782493317,-79.26676821861626,Chinese Restaurant
Agincourt South-Malvern West (128),43.788657551099995,-79.2656117966,5377a256498ea252667e0f7b,Congee Me 小米粥鋪,43.787391662597656,-79.26838684082031,Chinese Restaurant
Agincourt South-Malvern West (128),43.788657551099995,-79.2656117966,58388814809a776da0e00646,Grandeur Palace 華丽宮 (Grandeur Palace 華麗宮),43.79788486462263,-79.27058461606062,Chinese Restaurant
Agincourt South-Malvern West (128),43.788657551099995,-79.2656117966,4be303c52fc7d13ae879083a,Beef Noodle Restaurant 老李牛肉麵,43.785937477135555,-79.27603076031062,Chinese Restaurant
Agincourt South-Malvern West (128),43.788657551099995,-79.2656117966,4aef7cb8f964a520ccd821e3,Congee King,43.78590778606772,-79.27604151758148,Chinese Restaurant
Agincourt South-Malvern West (128),43.788657551099995,-79.2656117966,4b29e021f964a520d4a324e3,Perfect Chinese Restaurant 雅瓊海鮮酒家,43.78777423062292,-79.27029393705004,Chinese Restaurant
Agincourt South-Malvern West (128),43.788657551099995,-79.2656117966,4c8ad1c61eafb1f7320e7e35,Shanghai Dim Sum,43.78703615843197,-79.26938030256589,Chinese Restaurant
Agincourt South-Malvern West (128),43.788657551099995,-79.2656117966,4d168f2d25cda1439db770d6,Dumpling House 餃子莊,43.787208821092754,-79.26990941663193,Chinese Restaurant
Agincourt South-Malvern West (128),43.788657551099995,-79.2656117966,4bf025afc8d920a1bd799430,Fairview Seafood Chinese Cuisine,43.7929068448252,-79.23934784822218,Chinese Restaurant
Agincourt South-Malvern West (128),43.788657551099995,-79.2656117966,4fd273c6e4b0a1f0064594dc,The Only Cuisine 西域久保,43.78674606895496,-79.27085430184714,Chinese Restaurant
Agincourt South-Malvern West (128),43.788657551099995,-79.2656117966,53925ee0498e8a555acfaea8,Global Imperial Cuisine 國寶軒,43.786719157990575,-79.2743816188499,Cantonese Restaurant
Agincourt South-Malvern West (128),43.788657551099995,-79.2656117966,4be43c6dd4f7c9b67ad72320,Asia Spa,43.78795751326869,-79.26817059516907,Chinese Restaurant
Agincourt South-Malvern West (128),43.788657551099995,-79.2656117966,4baa46def964a520485a3ae3,South Sea Fish Village Chinese Restaurant,43.78620976205095,-79.27570140306393,Chinese Restaurant
Agincourt South-Malvern West (128),43.788657551099995,-79.2656117966,5ab2ecc26adbf54f0096d0bd,Liwan Kitchen (Liwan Kitchen 荔湾肠粉),43.785515,-79.27568,Cantonese Restaurant
Agincourt South-Malvern West (128),43.788657551099995,-79.2656117966,4dc59024d164eb9c9ff28d6d,Honest Kitchen 漁苑食坊,43.784765,-79.277505,Chinese Restaurant
Agincourt South-Malvern West (128),43.788657551099995,-79.2656117966,4d8bbe334037b1f7512acb5b,Canton Kitchen 廣東小炒,43.797772,-79.270981,Chinese Restaurant
Agincourt South-Malvern West (128),43.788657551099995,-79.2656117966,4d33a22672a8b1f739b1a9d0,Fortune Dynasty Chinese Seafood Restaurant,43.791607,-79.250277,Chinese Restaurant
Agincourt South-Malvern West (128),43.788657551099995,-79.2656117966,4b5738d3f964a520c62b28e3,Best Friends Chinese Restaurant 會賓樓,43.791806,-79.250197,Chinese Restaurant
Agincourt South-Malvern West (128),43.788657551099995,-79.2656117966,4d12924012916dcb8e0fd78a,Chinese Feast,43.79209579830079,-79.24994675974084,Chinese Restaurant
Agincourt South-Malvern West (128),43.788657551099995,-79.2656117966,4c3e47951ef0d13a61199280,SINIPINO Chinese Restaurant & Take Out,43.79204592212362,-79.24971209461393,Chinese Restaurant
Agincourt South-Malvern West (128),43.788657551099995,-79.2656117966,4da8cddb4b22f071ea90010c,Sinopino,43.79206463761877,-79.2496095995856,Chinese Restaurant
Agincourt South-Malvern West (128),43.788657551099995,-79.2656117966,4e1a034518a8166f739bee47,Manchu Wok,43.777159,-79.258637,Chinese Restaurant
Alderwood (20),43.6049368959,-79.5416109273,4c79ba4381bca0930994fe14,Mai-Mai Restaurant & Tavern,43.59707452795699,-79.52315969505716,Chinese Restaurant
Banbury-Don Mills (42),43.737657004300004,-79.3497179808,4b0ec556f964a520c95a23e3,Congee Queen 皇后名粥,43.735977372912316,-79.34735561803191,Cantonese Restaurant
Banbury-Don Mills (42),43.737657004300004,-79.3497179808,57069dd6498ea2b2dc6a3e6a,Kwan Dim Sum,43.75425617395789,-79.35857045329246,Dim Sum Restaurant
Banbury-Don Mills (42),43.737657004300004,-79.3497179808,4bfc6313d6f2c9b6e9264fc8,China Gourmet,43.755188855826226,-79.34838203221797,Chinese Restaurant
Banbury-Don Mills (42),43.737657004300004,-79.3497179808,5686b77338faf7478eb6c6aa,Asian Legend,43.7265905030894,-79.34218786843495,Dim Sum Restaurant
Banbury-Don Mills (42),43.737657004300004,-79.3497179808,4b632004f964a520d6642ae3,Congee Star 帝王名粥,43.72658622416194,-79.34183343111253,Chinese Restaurant
Banbury-Don Mills (42),43.737657004300004,-79.3497179808,4baa4089f964a520cf573ae3,Chopstix Chinese Cuisine,43.755528,-79.352127,Chinese Restaurant
Bathurst Manor (34),43.7648133077,-79.4560551588,4c2bdd9ad1a10f471aabf864,Mandarin Buffet,43.767300457143605,-79.46959723111308,Chinese Restaurant
Bathurst Manor (34),43.7648133077,-79.4560551588,4bb0db61f964a520b7633ce3,Noodles on Finch,43.767906576207636,-79.47197523452058,Chinese Restaurant
Bay Street Corridor (76),43.6575113467,-79.3857212509,58e91d60e0adac258fcea481,GB Hand-Pulled Noodles,43.65643422548463,-79.3837827356398,Chinese Restaurant
Bay Street Corridor (76),43.6575113467,-79.3857212509,52a7ae41498eed3af4d0a3fa,Yueh Tung Chinese Restaurant,43.655281263429195,-79.3853365267765,Chinese Restaurant
Bay Street Corridor (76),43.6575113467,-79.3857212509,4adb5472f964a520fc2521e3,Asian Legend 味香村,43.65360271388312,-79.39504693953127,Chinese Restaurant
Bayview Village (52),43.7763605236,-79.3771168597,4b3e8e54f964a520e19e25e3,Peking Man 牛家莊,43.770886228080634,-79.36945927876354,Chinese Restaurant
Bayview Village (52),43.7763605236,-79.3771168597,4bd396d041b9ef3b799c00e6,Sun Star Chinese Cuisine 翠景小炒,43.78791448422642,-79.38123404311649,Chinese Restaurant
Bayview Village (52),43.7763605236,-79.3771168597,4e8367a2f5b907135ece792f,Pearl,43.76840377388609,-79.38625631344964,Chinese Restaurant
Bayview Village (52),43.7763605236,-79.3771168597,53dac359498e07ef7dc674a5,Primary Taste Yunan Noodle 本味過橋米線,43.79056778952234,-79.36708410092608,Chinese Restaurant
Bayview Woods-Steeles (49),43.7968018666,-79.3821179542,4ceea52a7db3224b4ddb282e,Chinese Halal Restaurant 中華牛羊館,43.79127199334216,-79.36698009117329,Chinese Restaurant
Bayview Woods-Steeles (49),43.7968018666,-79.3821179542,4ae66ccbf964a520eba621e3,Congee Wong 天皇名粥,43.79057932101322,-79.3658146139743,Chinese Restaurant
Bayview Woods-Steeles (49),43.7968018666,-79.3821179542,4b92db0cf964a520f12134e3,Hot Spicy Spicy Chinese Restaurant 麻辣烫川菜馆,43.791342761629494,-79.3674938814755,Szechuan Restaurant
Bayview Woods-Steeles (49),43.7968018666,-79.3821179542,4aebd5a7f964a520f0c421e3,Asian Legend 味香村,43.79060809180567,-79.36704119272468,Chinese Restaurant
Bayview Woods-Steeles (49),43.7968018666,-79.3821179542,4bd396d041b9ef3b799c00e6,Sun Star Chinese Cuisine 翠景小炒,43.78791448422642,-79.38123404311649,Chinese Restaurant
Bayview Woods-Steeles (49),43.7968018666,-79.3821179542,4ad9f43bf964a5204e1c21e3,Paradise Fine Chinese Dining 世外桃園新派優雅食府,43.79126996727257,-79.36767919435668,Chinese Restaurant
Bayview Woods-Steeles (49),43.7968018666,-79.3821179542,53dac359498e07ef7dc674a5,Primary Taste Yunan Noodle 本味過橋米線,43.79056778952234,-79.36708410092608,Chinese Restaurant
Bedford Park-Nortown (39),43.731486231800005,-79.4202273481,4b340882f964a520262425e3,Sea-Hi,43.731630356042174,-79.43301375635122,Chinese Restaurant
Bendale (127),43.7603663086,-79.2574003723,50a572b1e4b0bf59ea8b91f1,Charcoal Kebab House,43.75734816869592,-79.23884167698144,Xinjiang Restaurant
Bendale (127),43.7603663086,-79.2574003723,4bafb9cbf964a520691b3ce3,Lucky Chinese (Haka) Restaurant,43.75246481901907,-79.26531065358034,Chinese Restaurant
Bendale (127),43.7603663086,-79.2574003723,4c3f8197e26920a17f8a5be7,Chopsticks SzeChuan Chinese Restaurant,43.76751369542526,-79.27063132190607,Chinese Restaurant
Bendale (127),43.7603663086,-79.2574003723,4b1711a6f964a520cbc123e3,Federick Restaurant,43.77469659057996,-79.24114242818267,Hakka Restaurant
Bendale (127),43.7603663086,-79.2574003723,4b6475aef964a520eab42ae3,Kim Kim restaurant,43.75383283792732,-79.27661122245037,Chinese Restaurant
Bendale (127),43.7603663086,-79.2574003723,4c674ced7abde21e94536668,Ding Ho Chinese Food,43.75350728078251,-79.25354224810086,Chinese Restaurant
Bendale (127),43.7603663086,-79.2574003723,4e1a034518a8166f739bee47,Manchu Wok,43.777159,-79.258637,Chinese Restaurant
Birchcliffe-Cliffside (122),43.694681978599995,-79.2650925923,4be1dff94283c9b621c754f8,Chopstick Foods,43.693367057146,-79.27997834306485,Chinese Restaurant
Black Creek (24),43.7648902472,-79.5219793188,4e06233c62e100e581678192,Tri Star Restaurant,43.76933638194449,-79.52024995897516,Chinese Restaurant
Blake-Jones (69),43.67617287979999,-79.3373941732,4ec8524d6c251306cc822d86,Ha gow Dim Sum House,43.68044093157399,-79.33759006459042,Dim Sum Restaurant
Blake-Jones (69),43.67617287979999,-79.3373941732,4c52031694790f478bb8f7a1,Asian Gourmet,43.669683812322305,-79.3390279113223,Chinese Restaurant
Broadview North (57),43.688825119200004,-79.3556295118,4d72d530ec075481ab7c8fbf,Number One Chinese Restaurant,43.684585940432,-79.34690952301025,Chinese Restaurant
Broadview North (57),43.688825119200004,-79.3556295118,4c314511213c2d7f0cc9335d,Chopsticks King,43.69361477837792,-79.34890162048012,Chinese Restaurant
Brookhaven-Amesbury (30),43.701326305600006,-79.485589259,4e11fd03b61c637b97b2386e,Hakka No. 1,43.70779096413223,-79.47735333337515,Chinese Restaurant
Brookhaven-Amesbury (30),43.701326305600006,-79.485589259,4b7f28a0f964a5202d1b30e3,Dynasty House,43.705058299367984,-79.49244632573384,Dim Sum Restaurant
Cabbagetown-South St.James Town (71),43.667647727399995,-79.36610665810001,553c2ae7498e53f7c3086919,Kanpai Snack Bar,43.664330935948634,-79.36806503124257,Taiwanese Restaurant
Cabbagetown-South St.James Town (71),43.667647727399995,-79.36610665810001,4bca992068f976b017d35f83,China Gourmet,43.6641802410051,-79.36835925727236,Chinese Restaurant
Church-Yonge Corridor (75),43.6596488635,-79.3790171666,58e91d60e0adac258fcea481,GB Hand-Pulled Noodles,43.65643422548463,-79.3837827356398,Chinese Restaurant
Church-Yonge Corridor (75),43.6596488635,-79.3790171666,52a7ae41498eed3af4d0a3fa,Yueh Tung Chinese Restaurant,43.655281263429195,-79.3853365267765,Chinese Restaurant
Clairlea-Birchmount (120),43.713592375,-79.28138178420002,55dded07498eecf46ed3e0d9,Hakka Legend,43.726046144728045,-79.28656126436917,Chinese Restaurant
Clairlea-Birchmount (120),43.713592375,-79.28138178420002,4b119598f964a520ec7f23e3,Mandarin Buffet,43.73048153155327,-79.27906381364065,Chinese Restaurant
Clairlea-Birchmount (120),43.713592375,-79.28138178420002,4b7f6ff6f964a5209c2e30e3,Barcode,43.72323453532274,-79.27603483200073,Chinese Restaurant
Clairlea-Birchmount (120),43.713592375,-79.28138178420002,5140b2abe4b0f76b9be90a34,Manchu Wok,43.722842,-79.300604,Chinese Restaurant
Clairlea-Birchmount (120),43.713592375,-79.28138178420002,50edcd30e4b0372659fcb29a,Golden Wok Restaurant,43.70060129544217,-79.29734326742343,Chinese Restaurant
Clairlea-Birchmount (120),43.713592375,-79.28138178420002,555d2742498e3524508bc7c6,Hakka No.1,43.72768846107342,-79.26605655631751,Chinese Restaurant
Clairlea-Birchmount (120),43.713592375,-79.28138178420002,4b647619f964a5200cb52ae3,Wok With Yu,43.72602201298578,-79.28668252176644,Chinese Restaurant
Clanton Park (33),43.7419784331,-79.4463025758,4b340882f964a520262425e3,Sea-Hi,43.731630356042174,-79.43301375635122,Chinese Restaurant
Cliffcrest (123),43.7211211669,-79.2355295687,571400ac498e7956dba7a960,Royal Congee Chinese Cuisine,43.724572,-79.253083,Chinese Restaurant
Danforth (66),43.6840254743,-79.32981940890001,4ec8524d6c251306cc822d86,Ha gow Dim Sum House,43.68044093157399,-79.33759006459042,Dim Sum Restaurant
Danforth East York (59),43.6894680941,-79.3314033847,4ec8524d6c251306cc822d86,Ha gow Dim Sum House,43.68044093157399,-79.33759006459042,Dim Sum Restaurant
Don Valley Village (47),43.783293686899995,-79.3536441306,4ae66ccbf964a520eba621e3,Congee Wong 天皇名粥,43.79057932101322,-79.3658146139743,Chinese Restaurant
Don Valley Village (47),43.783293686899995,-79.3536441306,4ceea52a7db3224b4ddb282e,Chinese Halal Restaurant 中華牛羊館,43.79127199334216,-79.36698009117329,Chinese Restaurant
Don Valley Village (47),43.783293686899995,-79.3536441306,4aebd5a7f964a520f0c421e3,Asian Legend 味香村,43.79060809180567,-79.36704119272468,Chinese Restaurant
Don Valley Village (47),43.783293686899995,-79.3536441306,4b92db0cf964a520f12134e3,Hot Spicy Spicy Chinese Restaurant 麻辣烫川菜馆,43.791342761629494,-79.3674938814755,Szechuan Restaurant
Don Valley Village (47),43.783293686899995,-79.3536441306,4d8a204c7139b1f772dac3d4,Manchu Wok,43.77822514623288,-79.34330206344342,Chinese Restaurant
Don Valley Village (47),43.783293686899995,-79.3536441306,4ad9f43bf964a5204e1c21e3,Paradise Fine Chinese Dining 世外桃園新派優雅食府,43.79126996727257,-79.36767919435668,Chinese Restaurant
Don Valley Village (47),43.783293686899995,-79.3536441306,5aecaac0628c83002c7a958d,Deer Garden Signatures 鹿園魚湯米線,43.794298,-79.354162,Chinese Restaurant
Don Valley Village (47),43.783293686899995,-79.3536441306,572f825c498edf83e51dc2dd,東海漁村 Tasty BBQ Seafood Restaurant (Tasty BBQ Seafood Restaurant),43.79442474187201,-79.35330022583534,Cantonese Restaurant
Don Valley Village (47),43.783293686899995,-79.3536441306,53dac359498e07ef7dc674a5,Primary Taste Yunan Noodle 本味過橋米線,43.79056778952234,-79.36708410092608,Chinese Restaurant
Dorset Park (126),43.759274372700006,-79.2789079388,4b6475aef964a520eab42ae3,Kim Kim restaurant,43.75383283792732,-79.27661122245037,Chinese Restaurant
Dorset Park (126),43.759274372700006,-79.2789079388,4c3f8197e26920a17f8a5be7,Chopsticks SzeChuan Chinese Restaurant,43.76751369542526,-79.27063132190607,Chinese Restaurant
Dorset Park (126),43.759274372700006,-79.2789079388,4bafb9cbf964a520691b3ce3,Lucky Chinese (Haka) Restaurant,43.75246481901907,-79.26531065358034,Chinese Restaurant
Dorset Park (126),43.759274372700006,-79.2789079388,4c8e5a24ad70a14381f1880f,Hot Wok,43.76955149661086,-79.28206808377189,Chinese Restaurant
Dorset Park (126),43.759274372700006,-79.2789079388,4bd879f0f645c9b6e107a8e0,Golden House Chinese Restaurant,43.760553,-79.30194999488842,Chinese Restaurant
Downsview-Roding-CFB (26),43.7332923453,-79.4904973518,4c7ef047171b224b9d800fb1,Lucky Dragon Chinese Food,43.71946280250894,-79.48075509183974,Chinese Restaurant
Downsview-Roding-CFB (26),43.7332923453,-79.4904973518,4c7da7c0b33a224bebe1d881,Golden Star Restaurant,43.71975339920077,-79.50819278126752,Chinese Restaurant
East End-Danforth (62),43.684173877700005,-79.2993586723,4c368bf12c8020a1a19d8700,Su Good Chinese,43.68852570708679,-79.29959964510982,Chinese Restaurant
East End-Danforth (62),43.684173877700005,-79.2993586723,4e10e636d1647a0fff7c632c,Hakka Chopsticks,43.69019173121796,-79.29294592600094,Chinese Restaurant
East End-Danforth (62),43.684173877700005,-79.2993586723,4d39da7d979ea143c9108afc,Wing Wings chinese food restaurant,43.69089695776476,-79.29008946944775,Chinese Restaurant
Eglinton East (138),43.7409222979,-79.245598036,4c9c03907c096dcba619bed1,Cho's Wok,43.73491125371122,-79.25744041671894,Chinese Restaurant
Englemount-Lawrence (32),43.7203446653,-79.43740855,4b340882f964a520262425e3,Sea-Hi,43.731630356042174,-79.43301375635122,Chinese Restaurant
Englemount-Lawrence (32),43.7203446653,-79.43740855,4c2631d5f1272d7fed1086c5,Manchu Wok,43.725421,-79.452106,Chinese Restaurant
Eringate-Centennial-West Deane (11),43.6580167554,-79.5804452375,4d97a20da2c65481a5a7de53,The Wokker,43.649086010289835,-79.60482330665278,Chinese Restaurant
Eringate-Centennial-West Deane (11),43.6580167554,-79.5804452375,4bfefc3b68c7a593dc004044,Golden Wok Chinese Restaurant,43.66049068196177,-79.58231896162033,Chinese Restaurant
Flemingdon Park (44),43.715929753999994,-79.3326459673,4b69b9acf964a5202fb02be3,Mulan Chinese Cuisine,43.714270608021245,-79.33425845173976,Chinese Restaurant
Forest Hill North (102),43.7042175596,-79.42814316479999,4c1e973efcf8c9b6c285ad0b,China House,43.70041350042334,-79.42772155150696,Chinese Restaurant
Forest Hill South (101),43.694525756400004,-79.4143178642,4c191701834e2d7f24db2980,Chinese Food Gallery,43.70334736873612,-79.41464635957847,Chinese Restaurant
Guildwood (140),43.7488293378,-79.1950553496,4cf92de87b44224b9263d305,Phoenix Pan Asian Cuisine,43.74613,-79.209647,Chinese Restaurant
Guildwood (140),43.7488293378,-79.1950553496,4ccc6b0dba0a5481623f3d59,Tai Chi Restaurant,43.759544,-79.19818,Chinese Restaurant
Henry Farm (53),43.7711441425,-79.3412406671,584e235102b60e2d40263821,天天渔港 Captain's Catch,43.774961,-79.333873,Chinese Restaurant
Henry Farm (53),43.7711441425,-79.3412406671,5b6a321d340a58002cc0d9db,Omni Palace Noodle House,43.771047,-79.33157,Chinese Restaurant
Henry Farm (53),43.7711441425,-79.3412406671,5a3e976abb8d36354ebea1f3,Szechuan Express,43.777966,-79.343316,Chinese Restaurant
Henry Farm (53),43.7711441425,-79.3412406671,4d8a204c7139b1f772dac3d4,Manchu Wok,43.77822514623288,-79.34330206344342,Chinese Restaurant
High Park North (88),43.6575649139,-79.4663021661,4bead677415e20a1c380e5bb,China Island,43.65611381294685,-79.4537759895975,Chinese Restaurant
High Park North (88),43.6575649139,-79.4663021661,4bea0122b3352d7fb7c054d2,Westown Chinese Food,43.66454305245433,-79.45939879711148,Chinese Restaurant
Hillcrest Village (48),43.8029878281,-79.3548039999,4b29222af964a520679924e3,Congee Queen 皇后名粥,43.81214981083949,-79.35746207495143,Cantonese Restaurant
Hillcrest Village (48),43.8029878281,-79.3548039999,4ceea52a7db3224b4ddb282e,Chinese Halal Restaurant 中華牛羊館,43.79127199334216,-79.36698009117329,Chinese Restaurant
Hillcrest Village (48),43.8029878281,-79.3548039999,4ae66ccbf964a520eba621e3,Congee Wong 天皇名粥,43.79057932101322,-79.3658146139743,Chinese Restaurant
Hillcrest Village (48),43.8029878281,-79.3548039999,4aebd5a7f964a520f0c421e3,Asian Legend 味香村,43.79060809180567,-79.36704119272468,Chinese Restaurant
Hillcrest Village (48),43.8029878281,-79.3548039999,4b92db0cf964a520f12134e3,Hot Spicy Spicy Chinese Restaurant 麻辣烫川菜馆,43.791342761629494,-79.3674938814755,Szechuan Restaurant
Hillcrest Village (48),43.8029878281,-79.3548039999,59a850ce3d4791044a41300e,QJD Peking Duck 全聚德,43.81624,-79.34878,Chinese Restaurant
Hillcrest Village (48),43.8029878281,-79.3548039999,56f2c098498e7e4f35106777,Vintage Garden Dining Room,43.80589,-79.33601,Cantonese Restaurant
Hillcrest Village (48),43.8029878281,-79.3548039999,4dd44ae41f6ec4e0bb76d28e,New Greattime Corp.,43.807413574024274,-79.35671733362557,Chinese Restaurant
Hillcrest Village (48),43.8029878281,-79.3548039999,4b2e5594f964a52069de24e3,Crown Prince Fine Dining 紫京盛宴,43.80654509036195,-79.33837249873136,Dim Sum Restaurant
Hillcrest Village (48),43.8029878281,-79.3548039999,572f825c498edf83e51dc2dd,東海漁村 Tasty BBQ Seafood Restaurant (Tasty BBQ Seafood Restaurant),43.79442474187201,-79.35330022583534,Cantonese Restaurant
Hillcrest Village (48),43.8029878281,-79.3548039999,5aecaac0628c83002c7a958d,Deer Garden Signatures 鹿園魚湯米線,43.794298,-79.354162,Chinese Restaurant
Hillcrest Village (48),43.8029878281,-79.3548039999,4f4d6305e4b04c96fa907380,King's Wok,43.81308034661527,-79.3574323202792,Chinese Restaurant
Hillcrest Village (48),43.8029878281,-79.3548039999,4ad9f43bf964a5204e1c21e3,Paradise Fine Chinese Dining 世外桃園新派優雅食府,43.79126996727257,-79.36767919435668,Chinese Restaurant
Hillcrest Village (48),43.8029878281,-79.3548039999,53dac359498e07ef7dc674a5,Primary Taste Yunan Noodle 本味過橋米線,43.79056778952234,-79.36708410092608,Chinese Restaurant
Hillcrest Village (48),43.8029878281,-79.3548039999,4ef0cc69991107885c190eb3,Landmark Seafood Cuisine 富臨門海鮮酒家,43.804026123691806,-79.33585654955806,Chinese Restaurant
Humber Heights-Westmount (8),43.6922328007,-79.5224162029,4c0bf5f5ffb8c9b6010b6e61,Mayflower Chinese Food,43.69275315666511,-79.53156594082111,Chinese Restaurant
Humber Summit (21),43.7589197465,-79.55617473630002,4e80e84130f8844fb2c17742,Steeles Garden Chinese Restaurant,43.77076952149,-79.5449843720313,Chinese Restaurant
Humewood-Cedarvale (106),43.6913698124,-79.4276833521,4c1e973efcf8c9b6c285ad0b,China House,43.70041350042334,-79.42772155150696,Chinese Restaurant
Ionview (125),43.735364407700004,-79.27247049420002,4b6475def964a520f9b42ae3,Chung Moi,43.73232776751296,-79.26932737877392,Chinese Restaurant
Ionview (125),43.735364407700004,-79.27247049420002,4b119598f964a520ec7f23e3,Mandarin Buffet,43.73048153155327,-79.27906381364065,Chinese Restaurant
Ionview (125),43.735364407700004,-79.27247049420002,555d2742498e3524508bc7c6,Hakka No.1,43.72768846107342,-79.26605655631751,Chinese Restaurant
Islington-City Centre West (14),43.6334633497,-79.5433165354,5d926f473306ad000890cce1,Congee Queen,43.62109,-79.57227,Chinese Restaurant
Junction Area (90),43.6678897668,-79.47143987359999,53e39908498e03e4b6b95689,Panda Express,43.67395931671252,-79.47061703174435,Chinese Restaurant
Junction Area (90),43.6678897668,-79.47143987359999,4bea0122b3352d7fb7c054d2,Westown Chinese Food,43.66454305245433,-79.45939879711148,Chinese Restaurant
Kennedy Park (124),43.725555723199996,-79.2603822071,4b6475def964a520f9b42ae3,Chung Moi,43.73232776751296,-79.26932737877392,Chinese Restaurant
Kennedy Park (124),43.725555723199996,-79.2603822071,555d2742498e3524508bc7c6,Hakka No.1,43.72768846107342,-79.26605655631751,Chinese Restaurant
Kennedy Park (124),43.725555723199996,-79.2603822071,571400ac498e7956dba7a960,Royal Congee Chinese Cuisine,43.724572,-79.253083,Chinese Restaurant
Kennedy Park (124),43.725555723199996,-79.2603822071,4c9c03907c096dcba619bed1,Cho's Wok,43.73491125371122,-79.25744041671894,Chinese Restaurant
Kennedy Park (124),43.725555723199996,-79.2603822071,4b7f6ff6f964a5209c2e30e3,Barcode,43.72323453532274,-79.27603483200073,Chinese Restaurant
Kensington-Chinatown (78),43.653554131599996,-79.3972398768,4adb5472f964a520fc2521e3,Asian Legend 味香村,43.65360271388312,-79.39504693953127,Chinese Restaurant
Kensington-Chinatown (78),43.653554131599996,-79.3972398768,4b7a2089f964a520e2232fe3,Xam Yu,43.655108332302866,-79.39888232423317,Chinese Restaurant
Kingsview Village-The Westway (6),43.69899257220001,-79.5478633059,4b97d2fcf964a5200d1835e3,Gourmet Express,43.69311138097989,-79.55729392261416,Chinese Restaurant
Kingsview Village-The Westway (6),43.69899257220001,-79.5478633059,4c0bf5f5ffb8c9b6010b6e61,Mayflower Chinese Food,43.69275315666511,-79.53156594082111,Chinese Restaurant
Kingsway South (15),43.6535204276,-79.5105768007,4bd38cd8caff95213d3ed5f0,Hong Kong Gardens,43.647513339956674,-79.50987846601693,Chinese Restaurant
L'Amoreaux (117),43.7957160278,-79.3140842409,4df28ea0e4cda09e6da0129a,Mr Congee Chinese Cuisine 龍粥記,43.798878792587615,-79.3183345011537,Chinese Restaurant
L'Amoreaux (117),43.7957160278,-79.3140842409,5542be72498e851f264ce89a,Phoenix Restaurant 金鳳餐廳,43.79819775434163,-79.31843152382791,Chinese Restaurant
L'Amoreaux (117),43.7957160278,-79.3140842409,5aa5a8c85f68b930df32dc53,Fishman Lobster Clubhouse Restaurant 魚樂軒,43.801908538084135,-79.29540931957925,Chinese Restaurant
L'Amoreaux (117),43.7957160278,-79.3140842409,4cdc8e53d4ecb1f7843c8048,The Royal Chinese Restaurant 避風塘小炒,43.78050473445372,-79.29884391314476,Chinese Restaurant
L'Amoreaux (117),43.7957160278,-79.3140842409,5244359611d25bbcd550a19a,Crown Jewel Fine Dining 御膳豪庭,43.813114,-79.322914,Chinese Restaurant
L'Amoreaux (117),43.7957160278,-79.3140842409,4bb6c8f72f70c9b66e048630,Xin Jiang Barbeque Restaurant,43.80454741141563,-79.33099136451892,Chinese Restaurant
L'Amoreaux (117),43.7957160278,-79.3140842409,56f2c098498e7e4f35106777,Vintage Garden Dining Room,43.80589,-79.33601,Cantonese Restaurant
L'Amoreaux (117),43.7957160278,-79.3140842409,4b6eff38f964a5209dd52ce3,Very Fair Seafood Cuisine 鴻福海鮮大酒樓,43.80307672983049,-79.29361725934118,Chinese Restaurant
L'Amoreaux (117),43.7957160278,-79.3140842409,4ef0cc69991107885c190eb3,Landmark Seafood Cuisine 富臨門海鮮酒家,43.804026123691806,-79.33585654955806,Chinese Restaurant
